strategy,start,end,final_equity,total_return,cagr,max_drawdown,trade_count,trades_per_month,risk_breach_count,win_rate,profit_factor,equity_volatility
momentum,2015-01-05,2026-10-01,1.4189326520371832,-0.9985810673479628,-0.428062281899945,-0.9985871097999497,111,0.788094821553534,110,0.13513513513513514,0.22192856531308905,0.34546665972433327
trend,2015-01-05,2026-10-01,2.8202098169163783,-0.9971797901830837,-0.3935913265147081,-0.9971797901830837,81,0.57509622113366,81,0.08641975308641975,0.14137825654764852,0.2812648290213178
breakout,2015-01-05,2026-10-01,5.386765356400513,-0.9946132346435995,-0.35921782732790264,-0.9951289447485516,120,0.8519944016794962,118,0.2,0.3336184461816241,0.2998380972790779
shock_reaction,2015-01-05,2026-10-01,1.8914521667434148,-0.9981085478332565,-0.4138827686629222,-0.9983871042365828,126,0.8945941217634711,120,0.21428571428571427,0.24865667402836333,0.3089190104323223
slow_momentum,2015-01-05,2026-10-01,3.6876004189732825,-0.9963123995810267,-0.379576929519877,-0.9963281030384435,102,0.7241952414275719,102,0.06862745098039216,0.051184652027251226,0.2535862216114733
volume_momentum,2015-01-05,2026-10-01,2.34108661542243,-0.9976589133845776,-0.40313537186391635,-0.997774365730006,107,0.7596950081642175,105,0.11214953271028037,0.13127340704692098,0.28335350483194843
trend_pullback,2015-01-05,2026-10-01,0.8061563665180334,-0.999193843633482,-0.45495964947550094,-0.999193843633482,96,0.681595521343597,90,0.11458333333333333,0.17744166617818435,0.34766536943989995
active_reversal,2015-01-05,2026-10-01,7.0902747149933765,-0.9929097252850067,-0.34403948799426876,-0.9931880901845289,109,0.7738949148588757,108,0.21100917431192662,0.26866602451314403,0.24183884709375195
breakout_volume,2015-01-05,2026-10-01,6.627310769807776,-0.9933726892301922,-0.3478024534671943,-0.9933726892301922,73,0.5182965943550268,73,0.0958904109589041,0.05379403907342044,0.2242147222301712
high_volume_reversal,2015-01-05,2026-10-01,7.7520295445043255,-0.9922479704554956,-0.3390336114827227,-0.9929451841854847,118,0.837794494984838,113,0.2033898305084746,0.3470824346627744,0.23953697740224555
downturn_reversal,2015-01-05,2026-10-01,4.074339034720656,-0.9959256609652793,-0.3742826340549381,-0.9986159601682741,115,0.8164946349428506,112,0.24347826086956523,0.4075360318576851,18.66687704953789
relative_contrarian,2015-01-05,2026-10-01,2.4100812100369495,-0.9975899187899631,-0.4016565179426054,-0.9977267894417702,95,0.6744955679962679,94,0.2,0.26760106730754774,0.32482592354451734
regime_adaptive,2015-01-05,2026-10-01,4.46113114852995,-0.99553886885147,-0.36942894846354535,-0.9960535605587655,108,0.7667949615115467,108,0.23148148148148148,0.3556606584946612,0.29495773412246123
