strategy,start,end,final_equity,total_return,cagr,max_drawdown,trade_count,trades_per_month,win_rate,profit_factor,equity_volatility
momentum,2015-01-05,2026-09-29,874.3866766571218,-0.12561332334287822,-0.011376669206201062,-0.13048014684118447,2,0.014206534422403733,0.0,0.0,0.025273294212649202
trend,2015-01-05,2026-09-29,890.7342601684742,-0.10926573983152577,-0.009814476272429151,-0.10926573983152577,1,0.007103267211201867,0.0,0.0,0.025106899488794358
breakout,2015-01-05,2026-09-29,985.7436472185516,-0.014256352781448434,-0.0012231968622832268,-0.10862800740697398,3,0.021309801633605602,0.3333333333333333,0.8259739130725013,0.03862915607003769
shock_reaction,2015-01-05,2026-09-29,1044.1522428240878,0.04415224282408792,0.0036895757295798415,-0.10962129604732196,7,0.04972287047841307,0.42857142857142855,1.424091998533442,0.04086793430295559
slow_momentum,2015-01-05,2026-09-29,880.7775137002079,-0.11922248629979204,-0.010762798425377973,-0.12297323220732692,1,0.007103267211201867,0.0,0.0,0.018648007282812223
volume_momentum,2015-01-05,2026-09-29,939.4840150251609,-0.06051598497483901,-0.005306881172357114,-0.10684730493227446,3,0.021309801633605602,0.3333333333333333,0.3337051200392123,0.02409238538070348
trend_pullback,2015-01-05,2026-09-29,888.730603846699,-0.111269396153301,-0.010004530827081859,-0.111269396153301,6,0.042619603267211204,0.16666666666666666,0.01628981454876047,0.016324874472713833
active_reversal,2015-01-05,2026-09-29,930.4071307662963,-0.06959286923370367,-0.0061296971264366285,-0.10612074690859052,2,0.014206534422403733,0.0,0.0,0.030868767308965463
breakout_volume,2015-01-05,2026-09-29,926.082275553255,-0.07391772444674494,-0.006524329541163332,-0.10129218195339207,1,0.007103267211201867,0.0,0.0,0.024245637549220864
high_volume_reversal,2015-01-05,2026-09-29,969.278532873208,-0.030721467126792024,-0.0026562075516060046,-0.11789790233296349,5,0.03551633605600933,0.6,0.7302430072557365,0.03474882831363027
downturn_reversal,2015-01-05,2026-09-29,986.6721870931889,-0.013327812906811065,-0.0011430369231530957,-0.14311794677148804,5,0.03551633605600933,0.6,0.9230436212040548,0.04465549893380324
relative_contrarian,2015-01-05,2026-09-29,924.9711509894696,-0.07502884901053042,-0.0066259891082608435,-0.1275587819486642,2,0.014206534422403733,0.5,0.3230558073311772,0.024076147131194752
regime_adaptive,2015-01-05,2026-09-29,956.4963135901642,-0.04350368640983582,-0.003784120865970131,-0.15385702601647222,1,0.007103267211201867,0.0,0.0,0.033840760586239624
