pattern,horizon_days,preliminary_gate_pass,final_equity,total_return,cagr,max_drawdown,trade_count,trades_per_month,profit_factor,risk_breach_count,passes_risk_gate
breakout_plus_volume,5,False,1.6112583660263229e+22,1.611258366026323e+19,42.33327684832564,-0.9551402242285285,637,4.5237255016332245,7.788129359513618,205,False
wyckoff_spring_strict,5,False,6.874061037459611,-0.9931259389625404,-0.3458327498404449,-0.9978464948534547,172,1.2214769015398972,0.3361454716146831,162,False
wyckoff_spring,40,False,6.386860652547354,-0.9936131393474527,-0.34991807508615114,-0.9989565553632467,157,1.11495275314979,0.3199504227877551,156,False
wyckoff_spring,20,False,6.266693004398164,-0.9937333069956018,-0.3509694867994988,-0.9940374256720619,136,0.9658189454036397,0.1677703501488597,135,False
pullback_in_uptrend,5,False,5.624447119795962,-0.9943755528802041,-0.35692246759511803,-0.9944453693004817,85,0.6036368408772749,0.04895719655234381,81,False
relative_strength_20,5,False,5.532514244421714,-0.9944674857555783,-0.35782499666640444,-0.9945439027107402,133,0.9445141157256183,0.4215975954344805,130,False
wyckoff_spring_strict,40,False,5.400939445684552,-0.9945990605543155,-0.35914086497808695,-0.9961448068028571,190,1.3493058796080262,0.3850568495565194,189,False
wyckoff_spring_strict,10,False,5.295497772026734,-0.9947045022279732,-0.3602167182627296,-0.9949614894096488,165,1.1717656322911805,0.23780944473349758,161,False
relative_reversal_bottom20,5,False,4.602814989726632,-0.9953971850102734,-0.36781460784061837,-0.9954704104625087,100,0.7101609892673821,0.051855283774503,96,False
pullback_in_uptrend,10,False,4.362262218001038,-0.9956377377819989,-0.37069983606899537,-0.9956745965246946,82,0.5823320111992534,0.029983363328970367,80,False
reversal_bottom10,5,False,4.1090894774922795,-0.9958909105225077,-0.3738980943796555,-0.9958909105225077,91,0.6462465002333178,0.14589889774046227,88,False
range_expansion_reversal,20,False,3.7750807625384573,-0.9962249192374616,-0.3784052960209161,-0.9968938869464419,60,0.4260965935604293,0.17641762845038206,58,False
reversal_bottom10,10,False,3.6589485675224864,-0.9963410514324775,-0.38005825080255373,-0.9963410514324775,90,0.6391448903406439,0.1319388023539586,88,False
pullback_in_uptrend,20,False,3.1569926453301838,-0.9968430073546698,-0.38780497305670025,-0.9968696822251363,81,0.5752304013065795,0.041960942802285746,80,False
pullback_in_uptrend,40,False,3.1569926453301838,-0.9968430073546698,-0.38780497305670025,-0.9968696822251363,81,0.5752304013065795,0.041960942802285746,80,False
slow_momentum_12_1,10,False,2.6611688714208794,-0.9973388311285791,-0.3966540148441251,-0.9975605082964326,124,0.8805996266915539,0.13814544681423943,113,False
momentum_60_uptrend,5,False,2.0007977345668433,-0.9979992022654331,-0.4111422784150336,-0.9979992022654331,113,0.8024819178721418,0.2796519609610679,110,False
relative_strength_20,10,False,1.8785409402010735,-0.9981214590597989,-0.4142978013327009,-0.9981474061016781,139,0.9871237750816612,0.4291955978825592,138,False
relative_strength_20,40,False,1.8785409402010735,-0.9981214590597989,-0.4142978013327009,-0.9981474061016781,139,0.9871237750816612,0.4291955978825592,138,False
relative_strength_20,20,False,1.8785409402010735,-0.9981214590597989,-0.4142978013327009,-0.9981474061016781,139,0.9871237750816612,0.4291955978825592,138,False
momentum_60_uptrend,10,False,1.7439852955251256,-0.9982560147044749,-0.41799574692769725,-0.9982634413764871,114,0.8095835277648157,0.2854412163780503,112,False
relative_reversal_bottom20,20,False,1.6880342748359078,-0.9983119657251641,-0.41961080324137967,-0.9992228845023711,155,1.1007495333644424,0.5898934377818897,147,False
momentum_60_uptrend,20,False,1.3953529950198158,-0.9986046470049802,-0.42895290921833684,-0.998610589044206,121,0.8592947970135324,0.31486138413115383,120,False
momentum_60_uptrend,40,False,1.3953529950198158,-0.9986046470049802,-0.42895290921833684,-0.998610589044206,121,0.8592947970135324,0.31486138413115383,120,False
reversal_bottom10,20,False,0.7344333342895073,-0.9992655666657105,-0.459347025057774,-0.9992655666657105,82,0.5823320111992534,0.13560084688639268,78,False
relative_reversal_bottom20,10,False,0.5602623424893336,-0.9994397376575107,-0.4716762512174637,-0.9994903766807356,104,0.7385674288380775,0.16470968451898,98,False
wyckoff_spring_strict,20,False,0.5173859476862255,-0.9994826140523138,-0.4752487019801068,-0.9995077224674729,150,1.0652414839010733,0.20450585993121578,149,False
slow_momentum_12_1,5,False,0.3871652991603156,-0.9996128347008397,-0.4880555277951317,-0.9996128347008397,107,0.7598722585160989,0.11601200997008813,104,False
slow_momentum_12_1,40,False,0.3109140217638773,-0.9996890859782361,-0.49753571622981774,-0.9996904099896653,102,0.7243642090527298,0.10150851524844157,101,False
slow_momentum_12_1,20,False,0.3109140217638773,-0.9996890859782361,-0.49753571622981774,-0.9996904099896653,102,0.7243642090527298,0.10150851524844157,101,False
wyckoff_spring,10,False,0.29833634011738397,-0.9997016636598827,-0.49930084266087327,-0.9997161417351342,145,1.029733434437704,0.19196701074637207,141,False
wyckoff_spring,5,False,0.26718799312191344,-0.9997328120068781,-0.5039838994315693,-0.9997512995974667,140,0.994225384974335,0.2606717852700514,129,False
