pattern,horizon_days,period,observations,mean_return,median_return,win_rate,p10,p90,net_mean_vs_hurdle
momentum_60_uptrend,5,discovery,149085,0.0015082274631080725,0.0,0.42964080893450046,-0.07031243451638003,0.07142858967489163,-0.008714088326365612
momentum_60_uptrend,5,validation,54772,0.002391707371877215,0.0,0.45809902870079605,-0.05660379338946264,0.06179776183885566,-0.007830608417596469
slow_momentum_12_1,5,discovery,156839,0.0011492110544025652,0.0,0.4337314060915971,-0.061547498438165066,0.06122443021609936,-0.009073104735071119
slow_momentum_12_1,5,validation,63825,0.001967069680269662,0.0,0.4639717978848414,-0.05128203905545674,0.05555550036607193,-0.008255246109204022
pullback_in_uptrend,5,discovery,24440,0.001552561316665311,0.0,0.45666939443535187,-0.06976751814498759,0.07017612113458964,-0.008669754472808372
pullback_in_uptrend,5,validation,8254,0.0007714488517865427,0.0,0.47116549551732495,-0.06211181549896968,0.06337072141288996,-0.00945086693768714
reversal_bottom10,5,discovery,13582,-0.00079420074562596,0.0,0.4439699602414961,-0.09401710969221488,0.08660661689447614,-0.011016516535099644
reversal_bottom10,5,validation,5413,0.0009957273249746575,0.0,0.47515241086273785,-0.06794917663332313,0.0679244610795628,-0.009226588464499027
panic_reversal_volume,5,discovery,1586,-0.014146421759272653,-0.00980391240220746,0.3953341740226986,-0.13644754532933445,0.10480549789755433,-0.024368737548746335
panic_reversal_volume,5,validation,493,0.013397230281377803,0.012121330030115285,0.5496957403651116,-0.07665468337189016,0.11502304368380731,0.003174914491904119
relative_reversal_bottom20,5,discovery,21521,0.0020195873721611446,0.0,0.45736722271269925,-0.07500002483526769,0.0775862379037251,-0.008202728417312538
relative_reversal_bottom20,5,validation,7596,0.0010852163133676432,0.0,0.4649815692469721,-0.06086950842960004,0.06575856175573358,-0.009137099476106041
breakout_plus_volume,5,discovery,19559,-0.0015090901029772732,-0.008793014255715548,0.3915844368321489,-0.08744566274691366,0.0811642883638187,-0.011731405892450957
breakout_plus_volume,5,validation,6674,0.002296570730987444,-0.004811675692893147,0.4306263110578364,-0.06666669691050389,0.07471264052822606,-0.00792574505848624
volatility_contraction_breakout,5,discovery,4402,-0.00011766848899588656,-0.008236073780461317,0.3932303498409814,-0.07824731222860529,0.07142858967489163,-0.01033998427846957
volatility_contraction_breakout,5,validation,1374,-0.001894743068929783,-0.005780534385720459,0.42066957787481807,-0.06389094701483201,0.06610045907610142,-0.012117058858403466
relative_strength_20,5,discovery,72679,0.0009865515830579465,-0.003105587072796623,0.4219513201887753,-0.08499997854232799,0.08485671100135166,-0.009235764206415737
relative_strength_20,5,validation,26166,0.003319088505970015,0.0,0.45788427730642817,-0.06557378784512136,0.07142858967489163,-0.006903227283503668
range_expansion_reversal,5,discovery,2867,-0.0050275299765333735,0.0,0.4677363097314266,-0.1097476561184663,0.08769999843090784,-0.015249845766007058
range_expansion_reversal,5,validation,1077,0.01755066734155761,0.018656698160751883,0.6053853296193129,-0.05826626377313021,0.09484255970287848,0.0073283515520839275
momentum_60_uptrend,10,discovery,149072,0.0036634196793668746,-0.004065036710645509,0.436594397338199,-0.09799895636496714,0.10160424232582906,-0.006558896110106809
momentum_60_uptrend,10,validation,54784,0.004272245079676026,0.0,0.4642413843457944,-0.0816326547162195,0.08972050453314866,-0.005950070709797657
slow_momentum_12_1,10,discovery,156820,0.0029451169092423652,-0.001071811947686907,0.44431832674403776,-0.0879484813902534,0.08884336818006995,-0.007277198880231319
slow_momentum_12_1,10,validation,63827,0.003826958056453474,0.0,0.4726683065160512,-0.07407411086706317,0.08074533793574967,-0.00639535773302021
pullback_in_uptrend,10,discovery,24447,0.002610289733244263,0.0,0.45150734241420215,-0.09823495442950217,0.10095449832853687,-0.0076120260562294205
pullback_in_uptrend,10,validation,8248,0.00030163516684726855,0.0,0.47102327837051405,-0.08966445210497846,0.08843891530926108,-0.009920680622626415
reversal_bottom10,10,discovery,13581,-0.0019969461522807127,-0.003831414124593202,0.4377439069287976,-0.1329787237415383,0.1160221241910564,-0.012219261941754395
reversal_bottom10,10,validation,5408,-0.0013728942380620535,0.0,0.4683801775147929,-0.09784891247095805,0.0917083437438271,-0.011595210027535737
panic_reversal_volume,10,discovery,1587,-0.022182776221327128,-0.02453985396935121,0.38815374921235035,-0.19790707546582006,0.1428571324306751,-0.032405092010800815
panic_reversal_volume,10,validation,492,0.009659725230084399,0.01201297568913573,0.5508130081300813,-0.10000002384185791,0.12715808816935037,-0.0005625905593892849
relative_reversal_bottom20,10,discovery,21521,0.0027172012751409025,0.0,0.4480275080154268,-0.10526427304690433,0.10810792640071809,-0.0075051145143327815
relative_reversal_bottom20,10,validation,7600,-0.0001336463723759959,0.0,0.4589473684210526,-0.09028232571645713,0.09334580028033193,-0.01035596216184968
breakout_plus_volume,10,discovery,19550,-0.0008667706430069758,-0.011647381000094215,0.40296675191815856,-0.11818629089180956,0.11290321340173873,-0.011089086432480659
breakout_plus_volume,10,validation,6680,0.003972001056002847,-0.005952375461590109,0.4380239520958084,-0.09259257760285577,0.10317460191062641,-0.006250314733470837
volatility_contraction_breakout,10,discovery,4399,0.0013744684201773079,-0.008810564358837869,0.4194135030688793,-0.1053371801403829,0.10306937957217467,-0.008847847369296375
volatility_contraction_breakout,10,validation,1375,-0.0027333136770102654,-0.009302316297384206,0.40145454545454545,-0.09413463013019825,0.0911064099407818,-0.012955629466483948
relative_strength_20,10,discovery,72676,0.002748608002123154,-0.006666660308837891,0.42703230777698276,-0.11596505176042421,0.11764706569834438,-0.00747370778735053
relative_strength_20,10,validation,26168,0.006309791909703571,0.0,0.4669061449098135,-0.0916666749450892,0.10221404055927397,-0.003912523879770113
range_expansion_reversal,10,discovery,2869,-0.006612482240670146,0.0,0.46183339142558383,-0.15913115381476153,0.11817239498431094,-0.01683479803014383
range_expansion_reversal,10,validation,1077,0.009259319309404998,0.014462746408548943,0.5719591457753017,-0.09090908661003294,0.10382236369832189,-0.0009629964800686851
momentum_60_uptrend,20,discovery,149077,0.006775469548277958,-0.007999992370605669,0.43471494596752014,-0.13768111497658275,0.14655179412555097,-0.0034468462411957257
momentum_60_uptrend,20,validation,54767,0.008969576658791016,-0.003521123508970825,0.4640020450271149,-0.11508426476800528,0.1363635912086043,-0.001252739130682667
slow_momentum_12_1,20,discovery,156828,0.005928304147492208,-0.005555550404536702,0.44592802305710716,-0.1267605447457006,0.1297070833358689,-0.004294011641981475
slow_momentum_12_1,20,validation,63835,0.00825626192587849,0.0,0.469100023498081,-0.10370369127584925,0.12128123353826781,-0.001966053863595194
pullback_in_uptrend,20,discovery,24454,0.003094135922558309,-0.008403453102266312,0.43440745890242904,-0.1366120186542339,0.14423086622057935,-0.007128179866915375
pullback_in_uptrend,20,validation,8249,0.004196294631311712,-0.008230444599618192,0.4388410716450479,-0.1250000170118965,0.12833052115437846,-0.006026021158161972
reversal_bottom10,20,discovery,13579,-0.0026673469494830643,-0.01265829088137238,0.4221223948744385,-0.18181818291284924,0.16460383758490343,-0.012889662738956748
reversal_bottom10,20,validation,5418,0.0028807525683955254,-0.007407806675559292,0.4435215946843854,-0.13333326899815817,0.12704123894885286,-0.007341563221078158
panic_reversal_volume,20,discovery,1585,-0.023056389636737895,-0.0346821163741744,0.3760252365930599,-0.24999999254941957,0.18652142895500334,-0.03327870542621158
panic_reversal_volume,20,validation,493,-0.00498434186506176,0.0,0.4746450304259635,-0.14219257166787766,0.13238641600401738,-0.015206657654535443
relative_reversal_bottom20,20,discovery,21523,0.003173165586222812,-0.009174302896359121,0.4304697300562189,-0.15043946911262585,0.15114611962065622,-0.0070491502032508715
relative_reversal_bottom20,20,validation,7565,0.0024960165494677523,-0.009708728874782357,0.4278916060806345,-0.13214054813687195,0.12757610111347029,-0.007726299240005931
breakout_plus_volume,20,discovery,19552,0.000915607696810082,-0.016949137131806236,0.4105973813420622,-0.15568266042620807,0.15907579768957916,-0.009306708092663601
breakout_plus_volume,20,validation,6628,0.013253317707698636,-0.006289302046118661,0.45941460470730233,-0.12145044048193532,0.15706817315240504,0.003031001918224953
volatility_contraction_breakout,20,discovery,4401,0.004279456047172033,-0.013636356986255538,0.41945012497159734,-0.13333339956071377,0.15200004577636728,-0.005942859742301651
volatility_contraction_breakout,20,validation,1371,-0.0007225005690454218,-0.012140548563230213,0.42304886943836617,-0.11999998092651387,0.12658236507217957,-0.010944816358519105
relative_strength_20,20,discovery,72690,0.002429349118694056,-0.01196877960301107,0.4238959966983079,-0.16216216973791675,0.1656050839343466,-0.007792966670779628
relative_strength_20,20,validation,26158,0.011380072060386196,-0.005952375461590109,0.4610061931340316,-0.13020833624371653,0.15311206638741265,0.0011577562709125123
range_expansion_reversal,20,discovery,2864,-0.007345565502301095,-0.008535274441661134,0.44587988826815644,-0.19206219536542224,0.16281314899332483,-0.01756788129177478
range_expansion_reversal,20,validation,1077,0.005110318630792068,0.0,0.4958217270194986,-0.12306940978431015,0.13662870472365424,-0.005111997158681616
momentum_60_uptrend,40,discovery,149084,0.011828847206120275,-0.015463963770208755,0.431830377505299,-0.1982758328336306,0.21212118201785746,0.0016065314166465918
momentum_60_uptrend,40,validation,54619,0.011744905910690882,-0.009708728874782357,0.4526629927314671,-0.17307687899064572,0.19679469088284474,0.0015225901212171985
slow_momentum_12_1,40,discovery,156835,0.012604514469678283,-0.009174259751845049,0.446144036726496,-0.18421050980480735,0.1981136125570532,0.0023821986802045995
slow_momentum_12_1,40,validation,63620,0.014284938205996434,-0.006097555213709138,0.45983967305878654,-0.14912764730175115,0.18225027562780893,0.00406262241652275
pullback_in_uptrend,40,discovery,24447,0.006002065464776797,-0.01818132164041375,0.4250419274348591,-0.20000004967053528,0.21086966052399156,-0.004220250324696887
pullback_in_uptrend,40,validation,8212,0.0003035928985392859,-0.01960782480441492,0.4207257671699951,-0.1929612930363228,0.1840903025886772,-0.009918722890934397
reversal_bottom10,40,discovery,13579,-2.1685344700495442e-05,-0.028571402621105912,0.40599455040871935,-0.2557429086042383,0.24631065441270342,-0.01024400113417418
reversal_bottom10,40,validation,5393,-0.004505779380320059,-0.022435921340455245,0.4123864268496199,-0.20271483515179597,0.16926767788509176,-0.014728095169793742
panic_reversal_volume,40,discovery,1587,-0.013415301251472687,-0.05940594351556927,0.3673597983616887,-0.34393961566419745,0.28270679895236295,-0.02363761704094637
panic_reversal_volume,40,validation,492,0.0015876438990522883,-0.005512983544153027,0.4613821138211382,-0.2109991731305888,0.18290342397065545,-0.008634671890421395
relative_reversal_bottom20,40,discovery,21521,0.007611736026859063,-0.0210773184168056,0.41838204544398494,-0.22007720159543454,0.2222221829763662,-0.0026105797626146208
relative_reversal_bottom20,40,validation,7511,-0.0029042065173233806,-0.02285712105887272,0.4116628944215151,-0.20785216462048828,0.19205295608250794,-0.013126522306797065
breakout_plus_volume,40,discovery,19557,0.0037058833797410603,-0.024844696582373316,0.4092140921409214,-0.21674701301131,0.21862642913619346,-0.006516432409732624
breakout_plus_volume,40,validation,6593,0.013632576824082884,-0.014285700661795464,0.44714090702259973,-0.17865404820561603,0.22528909562830843,0.0034102610346092004
volatility_contraction_breakout,40,discovery,4400,0.004196529958298947,-0.021563510415003095,0.4177272727272727,-0.19820218483892865,0.2098368734393164,-0.006025785831174736
volatility_contraction_breakout,40,validation,1364,0.003467355870650641,-0.022331926316042527,0.40762463343108507,-0.1723988246693872,0.19948276526508402,-0.0067549599188230424
relative_strength_20,40,discovery,72685,0.01006475960739678,-0.019230780987109286,0.4268693678200454,-0.23039211675965765,0.23529427040240097,-0.00015755618207690357
relative_strength_20,40,validation,26066,0.011904029776610973,-0.014492739851898917,0.4438348806874856,-0.18813157028015393,0.22325764017915262,0.00168171398713729
range_expansion_reversal,40,discovery,2866,-0.0010305214412169004,-0.021559317996919347,0.43649685973482205,-0.2773651383159107,0.254033283757777,-0.011252837230690585
range_expansion_reversal,40,validation,1073,-0.0037280335574374846,-0.015999984741210893,0.4277726001863933,-0.186189559030828,0.18210894478735457,-0.013950349346911167
