variant,variant_id,family,horizon_days,dev_net_mean,dev_pf,dev_obs,sel_net_mean,sel_pf,sel_win_rate,sel_obs,sel_tpm,selection_stability,params,dev_rank,sel_rank,pf_rank,stability_rank,frequency_fit,screen_score,positive_selection_signal,realistic_selection_reason
breakout_b60_vr1.5_ma100_vc0.7,bb1c4eb2b5799c0e,breakout,15,-0.0021843846591221338,0.9389181567730125,413,0.035528768434167336,1.7661323337847743,0.45434298440979953,449,12.48076484018265,-0.0021843846591221338,"{""breakout"": 60, ""contraction"": 0.7, ""trend"": ""ma100"", ""volume_ratio"": 1.5}",0.9487179487179487,0.9931623931623932,0.9948717948717949,0.9623931623931624,0.9984623705799358,0.9775385447503013,False,diversity_or_near_miss_exploration
cross_50_200_fresh,1bdb534f975bf65a,trend_transition,30,0.000632144878405094,1.012762292098863,442,0.008348852287083243,1.1219529724269346,0.3980392156862745,510,14.176369863013699,0.000632144878405094,"{""fast"": 50, ""fresh"": true, ""slow"": 200}",0.976068376068376,0.8256410256410256,0.7982905982905983,0.9811965811965812,0.8744942243684178,0.8871075420949615,True,positive_screen_signal
gap_down_recovery_4,af4c982dc1305841,gap,10,0.00036283427649759736,1.006579448979958,356,0.0011602433154879511,1.0177962991060323,0.3548387096774194,496,13.787214611872146,0.00036283427649759736,"{""direction"": ""down"", ""gap_min"": 0.04}",0.9743589743589743,0.7042735042735043,0.6991452991452991,0.9794871794871794,0.9021475702228821,0.8318386886462198,True,positive_screen_signal
wyckoff_spring_lb30_d20_clv60_vr1.2,aea2b6877a0d20ad,wyckoff_spring,1,-0.006058746338038088,0.6305840486103075,257,-0.006700781525379531,0.7109716180162226,0.34591194968553457,318,8.839383561643837,-0.006700781525379531,"{""clv_min"": 0.6, ""depth"": -0.02, ""support_lb"": 30, ""volume_ratio_max"": 1.2}",0.8837606837606837,0.5777777777777777,0.5094017094017094,0.9145299145299145,0.7461345634623907,0.7098271315599143,False,diversity_or_near_miss_exploration
reversal_drop8_ma100_vr1,e3908dea0833a8a4,reversal,1,-0.014229561092386812,0.42644005367295884,497,-0.012123331182183547,0.5624616414378483,0.3704819277108434,996,27.685616438356167,-0.014229561092386812,"{""drop"": -0.08, ""trend"": ""ma100"", ""volume_ratio"": 1.0}",0.37094017094017095,0.4495726495726496,0.3487179487179487,0.49230769230769234,0.2967547273909369,0.39984641291003387,False,diversity_or_near_miss_exploration
breakout_b60_vr1.5_ma50_vc0.7,c736eeb9a0dd03a0,breakout,15,-0.002252444356292045,0.9371577159707873,429,0.035771726620122166,1.7789306267304308,0.4583333333333333,456,12.675342465753426,-0.002252444356292045,"{""breakout"": 60, ""contraction"": 0.7, ""trend"": ""ma50"", ""volume_ratio"": 1.5}",0.947008547008547,0.9948717948717949,0.9965811965811966,0.9606837606837607,0.98607052826187,0.9764703006894347,False,diversity_or_near_miss_exploration
cross_50_200_fresh,1bdb534f975bf65a,trend_transition,20,0.007114131240476614,1.1860415167885656,441,-0.005193941564743862,0.9183307097290392,0.37450980392156863,510,14.176369863013699,-0.005193941564743862,"{""fast"": 50, ""fresh"": true, ""slow"": 200}",1.0,0.6017094017094017,0.6273504273504273,0.935042735042735,0.8744942243684178,0.7856545506419699,False,diversity_or_near_miss_exploration
gap_down_recovery_4,af4c982dc1305841,gap,7,9.256598272002036e-05,1.0019008282905,356,-0.004930100910809845,0.9129279835353551,0.3850806451612903,496,13.787214611872146,-0.004930100910809845,"{""direction"": ""down"", ""gap_min"": 0.04}",0.9692307692307692,0.6051282051282051,0.6222222222222222,0.9384615384615385,0.9021475702228821,0.7799583467658779,False,diversity_or_near_miss_exploration
wyckoff_spring_lb30_d20_clv60_vr1.5,775e8e8e062496b3,wyckoff_spring,1,-0.006059316194219007,0.6227256474012853,324,-0.008455788597213333,0.6299316588706302,0.3245192307692308,416,11.563470319634703,-0.008455788597213333,"{""clv_min"": 0.6, ""depth"": -0.02, ""support_lb"": 30, ""volume_ratio_max"": 1.5}",0.882051282051282,0.5504273504273505,0.4188034188034188,0.8769230769230769,0.927815505741451,0.7005593283519229,False,diversity_or_near_miss_exploration
reversal_drop6_ma200_vr2,50e70c7ad57109ce,reversal,1,-0.01286372937751324,0.40232675027643255,294,-0.018271105043376226,0.3715972886790715,0.3071748878923767,446,12.397374429223746,-0.018271105043376226,"{""drop"": -0.06, ""trend"": ""ma200"", ""volume_ratio"": 2.0}",0.4461538461538462,0.3230769230769231,0.02735042735042735,0.3623931623931624,0.9918235647189693,0.3864473137368542,False,diversity_or_near_miss_exploration
